name,faction,koosseis,from,to,name_clean
Mai Treial (02.04.2007–07.07.2010),Eestimaa Rahvaliidu fraktsioon,xi,2007-02-04,2010-07-07,Mai Treial
Villu Reiljan (02.04.2007–26.05.2010),Eestimaa Rahvaliidu fraktsioon,xi,2007-02-04,2010-05-26,Villu Reiljan
Karel Rüütli (02.04.2007–07.07.2010),Eestimaa Rahvaliidu fraktsioon,xi,2007-02-04,2010-07-07,Karel Rüütli
Ester Tuiksoo (09.04.2007–07.07.2010),Eestimaa Rahvaliidu fraktsioon,xi,2007-09-04,2010-07-07,Ester Tuiksoo
Tarmo Mänd (03.04.2007–12.03.2010),Eestimaa Rahvaliidu fraktsioon,xi,2007-03-04,2010-12-03,Tarmo Mänd
Jaanus Marrandi (02.04.2007–07.07.2010),Eestimaa Rahvaliidu fraktsioon,xi,2007-02-04,2010-07-07,Jaanus Marrandi
"Jaan Õunapuu, Villu Reiljani asendusliige (31.05.2010–07.07.2010)",Eestimaa Rahvaliidu fraktsioon,xi,2010-05-31,2010-07-07,Jaan Õunapuu
Valdur Lahtvee,Erakonna Eestimaa Rohelised fraktsioon,xi,2007-04-02,2011-04-03,Valdur Lahtvee
Marek Strandberg,Erakonna Eestimaa Rohelised fraktsioon,xi,2007-04-02,2011-04-03,Marek Strandberg
Mart Jüssi,Erakonna Eestimaa Rohelised fraktsioon,xi,2007-04-02,2011-04-03,Mart Jüssi
Aleksei Lotman,Erakonna Eestimaa Rohelised fraktsioon,xi,2007-04-02,2011-04-03,Aleksei Lotman
Maret Merisaar,Erakonna Eestimaa Rohelised fraktsioon,xi,2007-04-02,2011-04-03,Maret Merisaar
Toomas Trapido,Erakonna Eestimaa Rohelised fraktsioon,xi,2007-04-02,2011-04-03,Toomas Trapido
Mart Laar,Isamaa ja Res Publica Liidu fraktsioon,xi,2007-04-02,2011-04-03,Mart Laar
Andres Herkel,Isamaa ja Res Publica Liidu fraktsioon,xi,2007-04-02,2011-04-03,Andres Herkel
Toomas Tõniste,Isamaa ja Res Publica Liidu fraktsioon,xi,2007-04-02,2011-04-03,Toomas Tõniste
Ene Ergma,Isamaa ja Res Publica Liidu fraktsioon,xi,2007-04-02,2011-04-03,Ene Ergma
Kaia Iva,Isamaa ja Res Publica Liidu fraktsioon,xi,2007-04-02,2011-04-03,Kaia Iva
Mari-Ann Kelam,Isamaa ja Res Publica Liidu fraktsioon,xi,2007-04-02,2011-04-03,Mari-Ann Kelam
Elle Kull,Isamaa ja Res Publica Liidu fraktsioon,xi,2007-04-02,2011-04-03,Elle Kull
Tarmo Kõuts,Isamaa ja Res Publica Liidu fraktsioon,xi,2007-04-02,2011-04-03,Tarmo Kõuts
Marko Mihkelson,Isamaa ja Res Publica Liidu fraktsioon,xi,2007-04-02,2011-04-03,Marko Mihkelson
Erki Nool,Isamaa ja Res Publica Liidu fraktsioon,xi,2007-04-02,2011-04-03,Erki Nool
Mart Nutt,Isamaa ja Res Publica Liidu fraktsioon,xi,2007-04-02,2011-04-03,Mart Nutt
Liisa-Ly Pakosta,Isamaa ja Res Publica Liidu fraktsioon,xi,2007-04-02,2011-04-03,Liisa-Ly Pakosta
Urmas Reinsalu,Isamaa ja Res Publica Liidu fraktsioon,xi,2007-04-02,2011-04-03,Urmas Reinsalu
Sven Sester,Isamaa ja Res Publica Liidu fraktsioon,xi,2007-04-02,2011-04-03,Sven Sester
Margus Tsahkna,Isamaa ja Res Publica Liidu fraktsioon,xi,2007-04-02,2011-04-03,Margus Tsahkna
Peeter Tulviste,Isamaa ja Res Publica Liidu fraktsioon,xi,2007-04-02,2011-04-03,Peeter Tulviste
Ken-Marti Vaher,Isamaa ja Res Publica Liidu fraktsioon,xi,2007-04-02,2011-04-03,Ken-Marti Vaher
Lauri Vahtre,Isamaa ja Res Publica Liidu fraktsioon,xi,2007-04-02,2011-04-03,Lauri Vahtre
Trivimi Velliste,Isamaa ja Res Publica Liidu fraktsioon,xi,2007-04-02,2011-04-03,Trivimi Velliste
Eiki Nestor,Sotsiaaldemokraatliku Erakonna fraktsioon,xi,2007-04-02,2011-04-03,Eiki Nestor
Indrek Saar,Sotsiaaldemokraatliku Erakonna fraktsioon,xi,2007-04-02,2011-04-03,Indrek Saar
Kalev Kotkas,Sotsiaaldemokraatliku Erakonna fraktsioon,xi,2007-04-02,2011-04-03,Kalev Kotkas
Peeter Kreitzberg,Sotsiaaldemokraatliku Erakonna fraktsioon,xi,2007-04-02,2011-04-03,Peeter Kreitzberg
Kalvi Kõva,Sotsiaaldemokraatliku Erakonna fraktsioon,xi,2007-04-02,2011-04-03,Kalvi Kõva
Sven Mikser,Sotsiaaldemokraatliku Erakonna fraktsioon,xi,2007-04-02,2011-04-03,Sven Mikser
Heljo Pikhof,Sotsiaaldemokraatliku Erakonna fraktsioon,xi,2007-04-02,2011-04-03,Heljo Pikhof
Hannes Rumm,Sotsiaaldemokraatliku Erakonna fraktsioon,xi,2007-04-02,2011-04-03,Hannes Rumm
Mark Soosaar,Sotsiaaldemokraatliku Erakonna fraktsioon,xi,2007-04-02,2011-04-03,Mark Soosaar
Peep Aru,Eesti Reformierakonna fraktsioon,xi,2007-04-02,2011-04-03,Peep Aru
Rein Aidma,Eesti Reformierakonna fraktsioon,xi,2007-04-02,2011-04-03,Rein Aidma
Rain Rosimannus,Eesti Reformierakonna fraktsioon,xi,2007-04-02,2011-04-03,Rain Rosimannus
Robert Antropov,Eesti Reformierakonna fraktsioon,xi,2007-04-02,2011-04-03,Robert Antropov
Hannes Astok,Eesti Reformierakonna fraktsioon,xi,2007-04-02,2011-04-03,Hannes Astok
Ivi Eenmaa,Eesti Reformierakonna fraktsioon,xi,2007-04-02,2011-04-03,Ivi Eenmaa
Igor Gräzin,Eesti Reformierakonna fraktsioon,xi,2007-04-02,2011-04-03,Igor Gräzin
Tõnu Juul,Eesti Reformierakonna fraktsioon,xi,2007-04-02,2011-04-03,Tõnu Juul
Helmer Jõgi,Eesti Reformierakonna fraktsioon,xi,2007-04-02,2011-04-03,Helmer Jõgi
Raivo Järvi,Eesti Reformierakonna fraktsioon,xi,2007-04-02,2011-04-03,Raivo Järvi
Katrin Karisma-Krumm,Eesti Reformierakonna fraktsioon,xi,2007-04-02,2011-04-03,Katrin Karisma-Krumm
Ene Kaups,Eesti Reformierakonna fraktsioon,xi,2007-04-02,2011-04-03,Ene Kaups
Urmas Klaas,Eesti Reformierakonna fraktsioon,xi,2007-04-02,2011-04-03,Urmas Klaas
Tõnis Kõiv,Eesti Reformierakonna fraktsioon,xi,2007-04-02,2011-04-03,Tõnis Kõiv
Väino Linde,Eesti Reformierakonna fraktsioon,xi,2007-04-02,2011-04-03,Väino Linde
Lauri Luik,Eesti Reformierakonna fraktsioon,xi,2007-04-02,2011-04-03,Lauri Luik
Maret Maripuu,Eesti Reformierakonna fraktsioon,xi,2007-04-02,2011-04-03,Maret Maripuu
Silver Meikar,Eesti Reformierakonna fraktsioon,xi,2007-04-02,2011-04-03,Silver Meikar
Tatjana Muravjova,Eesti Reformierakonna fraktsioon,xi,2007-04-02,2011-04-03,Tatjana Muravjova
Leino Mägi,Eesti Reformierakonna fraktsioon,xi,2007-04-02,2011-04-03,Leino Mägi
Kalle Palling,Eesti Reformierakonna fraktsioon,xi,2007-04-02,2011-04-03,Kalle Palling
Keit Pentus,Eesti Reformierakonna fraktsioon,xi,2007-04-02,2011-04-03,Keit Pentus
Jaanus Rahumägi,Eesti Reformierakonna fraktsioon,xi,2007-04-02,2011-04-03,Jaanus Rahumägi
Mati Raidma,Eesti Reformierakonna fraktsioon,xi,2007-04-02,2011-04-03,Mati Raidma
Paul-Eerik Rummo,Eesti Reformierakonna fraktsioon,xi,2007-04-02,2011-04-03,Paul-Eerik Rummo
Taavi Rõivas,Eesti Reformierakonna fraktsioon,xi,2007-04-02,2011-04-03,Taavi Rõivas
Jaak Salumets,Eesti Reformierakonna fraktsioon,xi,2007-04-02,2011-04-03,Jaak Salumets
Erik Salumäe,Eesti Reformierakonna fraktsioon,xi,2007-04-02,2011-04-03,Erik Salumäe
Imre Sooäär,Eesti Reformierakonna fraktsioon,xi,2007-04-02,2011-04-03,Imre Sooäär
Terje Trei,Eesti Reformierakonna fraktsioon,xi,2007-04-02,2011-04-03,Terje Trei
Harri Õunapuu,Eesti Reformierakonna fraktsioon,xi,2007-04-02,2011-04-03,Harri Õunapuu
Kadri Simson,Eesti Keskerakonna fraktsioon,xi,2007-04-02,2011-04-03,Kadri Simson
Ain Seppik,Eesti Keskerakonna fraktsioon,xi,2007-04-02,2011-04-03,Ain Seppik
Toomas Varek,Eesti Keskerakonna fraktsioon,xi,2007-04-02,2011-04-03,Toomas Varek
Jaak Aab,Eesti Keskerakonna fraktsioon,xi,2007-04-02,2011-04-03,Jaak Aab
Enn Eesmaa,Eesti Keskerakonna fraktsioon,xi,2007-04-02,2011-04-03,Enn Eesmaa
Eldar Efendijev,Eesti Keskerakonna fraktsioon,xi,2007-04-02,2011-04-03,Eldar Efendijev
Helle Kalda,Eesti Keskerakonna fraktsioon,xi,2007-04-02,2011-04-03,Helle Kalda
Lembit Kaljuvee,Eesti Keskerakonna fraktsioon,xi,2007-04-02,2011-04-03,Lembit Kaljuvee
Kalev Kallo,Eesti Keskerakonna fraktsioon,xi,2007-04-02,2011-04-03,Kalev Kallo
Valeri Korb,Eesti Keskerakonna fraktsioon,xi,2007-04-02,2011-04-03,Valeri Korb
Tiit Kuusmik,Eesti Keskerakonna fraktsioon,xi,2007-04-02,2011-04-03,Tiit Kuusmik
Kalle Laanet,Eesti Keskerakonna fraktsioon,xi,2007-04-02,2011-04-03,Kalle Laanet
Lauri Laasi,Eesti Keskerakonna fraktsioon,xi,2007-04-02,2011-04-03,Lauri Laasi
Heimar Lenk,Eesti Keskerakonna fraktsioon,xi,2007-04-02,2011-04-03,Heimar Lenk
Inara Luigas,Eesti Keskerakonna fraktsioon,xi,2007-04-02,2011-04-03,Inara Luigas
Georg Pelisaar,Eesti Keskerakonna fraktsioon,xi,2007-04-02,2011-04-03,Georg Pelisaar
Nelli Privalova,Eesti Keskerakonna fraktsioon,xi,2007-04-02,2011-04-03,Nelli Privalova
Nikolai Põdramägi,Eesti Keskerakonna fraktsioon,xi,2007-04-02,2011-04-03,Nikolai Põdramägi
Jüri Ratas,Eesti Keskerakonna fraktsioon,xi,2007-04-02,2011-04-03,Jüri Ratas
Rein Ratas,Eesti Keskerakonna fraktsioon,xi,2007-04-02,2011-04-03,Rein Ratas
Mailis Reps,Eesti Keskerakonna fraktsioon,xi,2007-04-02,2011-04-03,Mailis Reps
Aivar Riisalu,Eesti Keskerakonna fraktsioon,xi,2007-04-02,2011-04-03,Aivar Riisalu
Arvo Sarapuu,Eesti Keskerakonna fraktsioon,xi,2007-04-02,2011-04-03,Arvo Sarapuu
Evelyn Sepp,Eesti Keskerakonna fraktsioon,xi,2007-04-02,2011-04-03,Evelyn Sepp
Olga Sõtnik,Eesti Keskerakonna fraktsioon,xi,2007-04-02,2011-04-03,Olga Sõtnik
Toivo Tootsen,Eesti Keskerakonna fraktsioon,xi,2007-04-02,2011-04-03,Toivo Tootsen
Marika Tuus,Eesti Keskerakonna fraktsioon,xi,2007-04-02,2011-04-03,Marika Tuus
Vladimir Velman,Eesti Keskerakonna fraktsioon,xi,2007-04-02,2011-04-03,Vladimir Velman
Jaan Kundla (alates 22.04.2008),Fraktsioonidesse mittekuulunud Riigikogu liikmed,xi,2008-04-22,2011-04-03,Jaan Kundla
Tarmo Mänd (alates 12.03.2010),Fraktsioonidesse mittekuulunud Riigikogu liikmed,xi,2010-12-03,2011-04-03,Tarmo Mänd
Jaanus Marrandi (alates 07.07.2010),Fraktsioonidesse mittekuulunud Riigikogu liikmed,xi,2010-07-07,2011-04-03,Jaanus Marrandi
Karel Rüütli (alates 07.07.2010),Fraktsioonidesse mittekuulunud Riigikogu liikmed,xi,2010-07-07,2011-04-03,Karel Rüütli
Jüri Tamm (alates 07.12.2010),Fraktsioonidesse mittekuulunud Riigikogu liikmed,xi,2010-07-12,2011-04-03,Jüri Tamm
Mai Treial (alates 07.07.2010),Fraktsioonidesse mittekuulunud Riigikogu liikmed,xi,2010-07-07,2011-04-03,Mai Treial
Ester Tuiksoo (alates 07.07.2010),Fraktsioonidesse mittekuulunud Riigikogu liikmed,xi,2010-07-07,2011-04-03,Ester Tuiksoo
Jaan Õunapuu (alates 07.07.2010),Fraktsioonidesse mittekuulunud Riigikogu liikmed,xi,2010-07-07,2011-04-03,Jaan Õunapuu
Urmas Reinsalu,Isamaa ja Res Publica Liidu fraktsioon,xii,2011-04-04,2015-03-29,Urmas Reinsalu
Kaia Iva,Isamaa ja Res Publica Liidu fraktsioon,xii,2011-04-04,2015-03-29,Kaia Iva
Juhan Parts,Isamaa ja Res Publica Liidu fraktsioon,xii,2011-04-04,2015-03-29,Juhan Parts
Jaak Aaviksoo,Isamaa ja Res Publica Liidu fraktsioon,xii,2011-04-04,2015-03-29,Jaak Aaviksoo
Annely Akkermann,Isamaa ja Res Publica Liidu fraktsioon,xii,2011-04-04,2015-03-29,Annely Akkermann
Ene Ergma,Isamaa ja Res Publica Liidu fraktsioon,xii,2011-04-04,2015-03-29,Ene Ergma
Siim Kiisler,Isamaa ja Res Publica Liidu fraktsioon,xii,2011-04-04,2015-03-29,Siim Kiisler
Aivar Kokk,Isamaa ja Res Publica Liidu fraktsioon,xii,2011-04-04,2015-03-29,Aivar Kokk
Peeter Laurson,Isamaa ja Res Publica Liidu fraktsioon,xii,2011-04-04,2015-03-29,Peeter Laurson
Marko Mihkelson,Isamaa ja Res Publica Liidu fraktsioon,xii,2011-04-04,2015-03-29,Marko Mihkelson
Erki Nool,Isamaa ja Res Publica Liidu fraktsioon,xii,2011-04-04,2015-03-29,Erki Nool
Liisa-Ly Pakosta,Isamaa ja Res Publica Liidu fraktsioon,xii,2011-04-04,2015-03-29,Liisa-Ly Pakosta
Tõnis Palts,Isamaa ja Res Publica Liidu fraktsioon,xii,2011-04-04,2015-03-29,Tõnis Palts
Marko Pomerants,Isamaa ja Res Publica Liidu fraktsioon,xii,2011-04-04,2015-03-29,Marko Pomerants
Reet Roos,Isamaa ja Res Publica Liidu fraktsioon,xii,2011-04-04,2015-03-29,Reet Roos
Andrus Saare,Isamaa ja Res Publica Liidu fraktsioon,xii,2011-04-04,2015-03-29,Andrus Saare
Helir-Valdor Seeder,Isamaa ja Res Publica Liidu fraktsioon,xii,2011-04-04,2015-03-29,Helir-Valdor Seeder
Sven Sester,Isamaa ja Res Publica Liidu fraktsioon,xii,2011-04-04,2015-03-29,Sven Sester
Priit Sibul,Isamaa ja Res Publica Liidu fraktsioon,xii,2011-04-04,2015-03-29,Priit Sibul
Margus Tsahkna,Isamaa ja Res Publica Liidu fraktsioon,xii,2011-04-04,2015-03-29,Margus Tsahkna
Toomas Tõniste,Isamaa ja Res Publica Liidu fraktsioon,xii,2011-04-04,2015-03-29,Toomas Tõniste
Ken-Marti Vaher,Isamaa ja Res Publica Liidu fraktsioon,xii,2011-04-04,2015-03-29,Ken-Marti Vaher
Karel Rüütli,Sotsiaaldemokraatliku Erakonna fraktsioon,xii,2011-04-04,2015-03-29,Karel Rüütli
Kalev Kotkas,Sotsiaaldemokraatliku Erakonna fraktsioon,xii,2011-04-04,2015-03-29,Kalev Kotkas
Indrek Saar,Sotsiaaldemokraatliku Erakonna fraktsioon,xii,2011-04-04,2015-03-29,Indrek Saar
Jaak Allik,Sotsiaaldemokraatliku Erakonna fraktsioon,xii,2011-04-04,2015-03-29,Jaak Allik
Maimu Berg,Sotsiaaldemokraatliku Erakonna fraktsioon,xii,2011-04-04,2015-03-29,Maimu Berg
Tatjana Jaanson,Sotsiaaldemokraatliku Erakonna fraktsioon,xii,2011-04-04,2015-03-29,Tatjana Jaanson
Etti Kagarov,Sotsiaaldemokraatliku Erakonna fraktsioon,xii,2011-04-04,2015-03-29,Etti Kagarov
Kalvi Kõva,Sotsiaaldemokraatliku Erakonna fraktsioon,xii,2011-04-04,2015-03-29,Kalvi Kõva
Mart Meri,Sotsiaaldemokraatliku Erakonna fraktsioon,xii,2011-04-04,2015-03-29,Mart Meri
Marianne Mikko,Sotsiaaldemokraatliku Erakonna fraktsioon,xii,2011-04-04,2015-03-29,Marianne Mikko
Jüri Morozov,Sotsiaaldemokraatliku Erakonna fraktsioon,xii,2011-04-04,2015-03-29,Jüri Morozov
Eiki Nestor,Sotsiaaldemokraatliku Erakonna fraktsioon,xii,2011-04-04,2015-03-29,Eiki Nestor
Heljo Pikhof,Sotsiaaldemokraatliku Erakonna fraktsioon,xii,2011-04-04,2015-03-29,Heljo Pikhof
Barbi Pilvre,Sotsiaaldemokraatliku Erakonna fraktsioon,xii,2011-04-04,2015-03-29,Barbi Pilvre
Rein Randver,Sotsiaaldemokraatliku Erakonna fraktsioon,xii,2011-04-04,2015-03-29,Rein Randver
Neeme Suur,Sotsiaaldemokraatliku Erakonna fraktsioon,xii,2011-04-04,2015-03-29,Neeme Suur
Tiit Tammsaar,Sotsiaaldemokraatliku Erakonna fraktsioon,xii,2011-04-04,2015-03-29,Tiit Tammsaar
Rannar Vassiljev,Sotsiaaldemokraatliku Erakonna fraktsioon,xii,2011-04-04,2015-03-29,Rannar Vassiljev
Jaan Õunapuu,Sotsiaaldemokraatliku Erakonna fraktsioon,xii,2011-04-04,2015-03-29,Jaan Õunapuu
Kristen Michal,Eesti Reformierakonna fraktsioon,xii,2011-04-04,2015-03-29,Kristen Michal
Remo Holsmer,Eesti Reformierakonna fraktsioon,xii,2011-04-04,2015-03-29,Remo Holsmer
Jaanus Tamkivi,Eesti Reformierakonna fraktsioon,xii,2011-04-04,2015-03-29,Jaanus Tamkivi
Arto Aas,Eesti Reformierakonna fraktsioon,xii,2011-04-04,2015-03-29,Arto Aas
Rein Aidma,Eesti Reformierakonna fraktsioon,xii,2011-04-04,2015-03-29,Rein Aidma
Peep Aru,Eesti Reformierakonna fraktsioon,xii,2011-04-04,2015-03-29,Peep Aru
Igor Gräzin,Eesti Reformierakonna fraktsioon,xii,2011-04-04,2015-03-29,Igor Gräzin
Margus Hanson,Eesti Reformierakonna fraktsioon,xii,2011-04-04,2015-03-29,Margus Hanson
Aare Heinvee,Eesti Reformierakonna fraktsioon,xii,2011-04-04,2015-03-29,Aare Heinvee
Jüri Jaanson,Eesti Reformierakonna fraktsioon,xii,2011-04-04,2015-03-29,Jüri Jaanson
Kalle Jents,Eesti Reformierakonna fraktsioon,xii,2011-04-04,2015-03-29,Kalle Jents
Kalev Kallemets,Eesti Reformierakonna fraktsioon,xii,2011-04-04,2015-03-29,Kalev Kallemets
Tõnis Kõiv,Eesti Reformierakonna fraktsioon,xii,2011-04-04,2015-03-29,Tõnis Kõiv
Kalmer Lain,Eesti Reformierakonna fraktsioon,xii,2011-04-04,2015-03-29,Kalmer Lain
Rein Lang,Eesti Reformierakonna fraktsioon,xii,2011-04-04,2015-03-29,Rein Lang
Jürgen Ligi,Eesti Reformierakonna fraktsioon,xii,2011-04-04,2015-03-29,Jürgen Ligi
Kalev Lillo,Eesti Reformierakonna fraktsioon,xii,2011-04-04,2015-03-29,Kalev Lillo
Väino Linde,Eesti Reformierakonna fraktsioon,xii,2011-04-04,2015-03-29,Väino Linde
Tiina Lokk-Tramberg,Eesti Reformierakonna fraktsioon,xii,2011-04-04,2015-03-29,Tiina Lokk-Tramberg
Lauri Luik,Eesti Reformierakonna fraktsioon,xii,2011-04-04,2015-03-29,Lauri Luik
Rait Maruste,Eesti Reformierakonna fraktsioon,xii,2011-04-04,2015-03-29,Rait Maruste
Innar Mäesalu,Eesti Reformierakonna fraktsioon,xii,2011-04-04,2015-03-29,Innar Mäesalu
Meelis Mälberg,Eesti Reformierakonna fraktsioon,xii,2011-04-04,2015-03-29,Meelis Mälberg
Tarmo Mänd,Eesti Reformierakonna fraktsioon,xii,2011-04-04,2015-03-29,Tarmo Mänd
Kalle Palling,Eesti Reformierakonna fraktsioon,xii,2011-04-04,2015-03-29,Kalle Palling
Laine Randjärv,Eesti Reformierakonna fraktsioon,xii,2011-04-04,2015-03-29,Laine Randjärv
Valdo Randpere,Eesti Reformierakonna fraktsioon,xii,2011-04-04,2015-03-29,Valdo Randpere
Aivar Rosenberg,Eesti Reformierakonna fraktsioon,xii,2011-04-04,2015-03-29,Aivar Rosenberg
Paul-Eerik Rummo,Eesti Reformierakonna fraktsioon,xii,2011-04-04,2015-03-29,Paul-Eerik Rummo
Andre Sepp,Eesti Reformierakonna fraktsioon,xii,2011-04-04,2015-03-29,Andre Sepp
Imre Sooäär,Eesti Reformierakonna fraktsioon,xii,2011-04-04,2015-03-29,Imre Sooäär
Aivar Sõerd,Eesti Reformierakonna fraktsioon,xii,2011-04-04,2015-03-29,Aivar Sõerd
Terje Trei,Eesti Reformierakonna fraktsioon,xii,2011-04-04,2015-03-29,Terje Trei
Kadri Simson,Eesti Keskerakonna fraktsioon,xii,2011-04-04,2015-03-29,Kadri Simson
Valeri Korb,Eesti Keskerakonna fraktsioon,xii,2011-04-04,2015-03-29,Valeri Korb
Mailis Reps,Eesti Keskerakonna fraktsioon,xii,2011-04-04,2015-03-29,Mailis Reps
Enn Eesmaa,Eesti Keskerakonna fraktsioon,xii,2011-04-04,2015-03-29,Enn Eesmaa
Eldar Efendijev,Eesti Keskerakonna fraktsioon,xii,2011-04-04,2015-03-29,Eldar Efendijev
Kalev Kallo,Eesti Keskerakonna fraktsioon,xii,2011-04-04,2015-03-29,Kalev Kallo
Mihhail Korb,Eesti Keskerakonna fraktsioon,xii,2011-04-04,2015-03-29,Mihhail Korb
Siret Kotka,Eesti Keskerakonna fraktsioon,xii,2011-04-04,2015-03-29,Siret Kotka
Lauri Laasi,Eesti Keskerakonna fraktsioon,xii,2011-04-04,2015-03-29,Lauri Laasi
Heimar Lenk,Eesti Keskerakonna fraktsioon,xii,2011-04-04,2015-03-29,Heimar Lenk
Jüri Ratas,Eesti Keskerakonna fraktsioon,xii,2011-04-04,2015-03-29,Jüri Ratas
Mihhail Stalnuhhin,Eesti Keskerakonna fraktsioon,xii,2011-04-04,2015-03-29,Mihhail Stalnuhhin
Tarmo Tamm,Eesti Keskerakonna fraktsioon,xii,2011-04-04,2015-03-29,Tarmo Tamm
Priit Toobal,Eesti Keskerakonna fraktsioon,xii,2011-04-04,2015-03-29,Priit Toobal
Marika Tuus-Laul,Eesti Keskerakonna fraktsioon,xii,2011-04-04,2015-03-29,Marika Tuus-Laul
Urbo Vaarmann,Eesti Keskerakonna fraktsioon,xii,2011-04-04,2015-03-29,Urbo Vaarmann
Viktor Vassiljev,Eesti Keskerakonna fraktsioon,xii,2011-04-04,2015-03-29,Viktor Vassiljev
Vladimir Velman,Eesti Keskerakonna fraktsioon,xii,2011-04-04,2015-03-29,Vladimir Velman
Peeter Võsa,Eesti Keskerakonna fraktsioon,xii,2011-04-04,2015-03-29,Peeter Võsa
Deniss Boroditš,Fraktsioonidesse mittekuulunud Riigikogu liikmed,xii,2011-04-04,2015-03-29,Deniss Boroditš
Andres Herkel,Fraktsioonidesse mittekuulunud Riigikogu liikmed,xii,2011-04-04,2015-03-29,Andres Herkel
Lembit Kaljuvee,Fraktsioonidesse mittekuulunud Riigikogu liikmed,xii,2011-04-04,2015-03-29,Lembit Kaljuvee
Inara Luigas,Fraktsioonidesse mittekuulunud Riigikogu liikmed,xii,2011-04-04,2015-03-29,Inara Luigas
Kalle Laanet,Fraktsioonidesse mittekuulunud Riigikogu liikmed,xii,2011-04-04,2015-03-29,Kalle Laanet
Rainer Vakra,Fraktsioonidesse mittekuulunud Riigikogu liikmed,xii,2011-04-04,2015-03-29,Rainer Vakra
Aivar Riisalu,Fraktsioonidesse mittekuulunud Riigikogu liikmed,xii,2011-04-04,2015-03-29,Aivar Riisalu
Olga Sõtnik,Fraktsioonidesse mittekuulunud Riigikogu liikmed,xii,2011-04-04,2015-03-29,Olga Sõtnik
Kersti Sarapuu,Eesti Keskerakonna fraktsioon,xiii,2015-03-30,2019-04-03,Kersti Sarapuu
Valeri Korb,Eesti Keskerakonna fraktsioon,xiii,2015-03-30,2019-04-03,Valeri Korb
Erki Savisaar,Eesti Keskerakonna fraktsioon,xiii,2015-03-30,2019-04-03,Erki Savisaar
Aadu Must,Eesti Keskerakonna fraktsioon,xiii,2015-03-30,2019-04-03,Aadu Must
Anneli Ott,Eesti Keskerakonna fraktsioon,xiii,2015-03-30,2019-04-03,Anneli Ott
Dmitri Dmitrijev,Eesti Keskerakonna fraktsioon,xiii,2015-03-30,2019-04-03,Dmitri Dmitrijev
Eevi Paasmäe,Eesti Keskerakonna fraktsioon,xiii,2015-03-30,2019-04-03,Eevi Paasmäe
Enn Eesmaa,Eesti Keskerakonna fraktsioon,xiii,2015-03-30,2019-04-03,Enn Eesmaa
Heimar Lenk,Eesti Keskerakonna fraktsioon,xiii,2015-03-30,2019-04-03,Heimar Lenk
Helmut Hallemaa,Eesti Keskerakonna fraktsioon,xiii,2015-03-30,2019-04-03,Helmut Hallemaa
Igor Kravtšenko,Eesti Keskerakonna fraktsioon,xiii,2015-03-30,2019-04-03,Igor Kravtšenko
Jaanus Karilaid,Eesti Keskerakonna fraktsioon,xiii,2015-03-30,2019-04-03,Jaanus Karilaid
Karin Tammemägi,Eesti Keskerakonna fraktsioon,xiii,2015-03-30,2019-04-03,Karin Tammemägi
Marika Tuus-Laul,Eesti Keskerakonna fraktsioon,xiii,2015-03-30,2019-04-03,Marika Tuus-Laul
Mihhail Korb,Eesti Keskerakonna fraktsioon,xiii,2015-03-30,2019-04-03,Mihhail Korb
Mihhail Stalnuhhin,Eesti Keskerakonna fraktsioon,xiii,2015-03-30,2019-04-03,Mihhail Stalnuhhin
Märt Sults,Eesti Keskerakonna fraktsioon,xiii,2015-03-30,2019-04-03,Märt Sults
Oudekki Loone,Eesti Keskerakonna fraktsioon,xiii,2015-03-30,2019-04-03,Oudekki Loone
Siret Kotka-Repinski,Eesti Keskerakonna fraktsioon,xiii,2015-03-30,2019-04-03,Siret Kotka-Repinski
Tiit Terik,Eesti Keskerakonna fraktsioon,xiii,2015-03-30,2019-04-03,Tiit Terik
Toomas Paur,Eesti Keskerakonna fraktsioon,xiii,2015-03-30,2019-04-03,Toomas Paur
Toomas Vitsut,Eesti Keskerakonna fraktsioon,xiii,2015-03-30,2019-04-03,Toomas Vitsut
Toomas Väinaste,Eesti Keskerakonna fraktsioon,xiii,2015-03-30,2019-04-03,Toomas Väinaste
Viktor Vassiljev,Eesti Keskerakonna fraktsioon,xiii,2015-03-30,2019-04-03,Viktor Vassiljev
Vladimir Velman,Eesti Keskerakonna fraktsioon,xiii,2015-03-30,2019-04-03,Vladimir Velman
Martin Helme,Eesti Konservatiivse Rahvaerakonna fraktsioon,xiii,2015-03-30,2019-04-03,Martin Helme
Henn Põlluaas,Eesti Konservatiivse Rahvaerakonna fraktsioon,xiii,2015-03-30,2019-04-03,Henn Põlluaas
Arno Sild,Eesti Konservatiivse Rahvaerakonna fraktsioon,xiii,2015-03-30,2019-04-03,Arno Sild
Jaak Madison,Eesti Konservatiivse Rahvaerakonna fraktsioon,xiii,2015-03-30,2019-04-03,Jaak Madison
Mart Helme,Eesti Konservatiivse Rahvaerakonna fraktsioon,xiii,2015-03-30,2019-04-03,Mart Helme
Raivo Põldaru,Eesti Konservatiivse Rahvaerakonna fraktsioon,xiii,2015-03-30,2019-04-03,Raivo Põldaru
Uno Kaskpeit,Eesti Konservatiivse Rahvaerakonna fraktsioon,xiii,2015-03-30,2019-04-03,Uno Kaskpeit
Jürgen Ligi,Eesti Reformierakonna fraktsioon,xiii,2015-03-30,2019-04-03,Jürgen Ligi
Maris Lauri,Eesti Reformierakonna fraktsioon,xiii,2015-03-30,2019-04-03,Maris Lauri
Kristen Michal,Eesti Reformierakonna fraktsioon,xiii,2015-03-30,2019-04-03,Kristen Michal
Aivar Surva,Eesti Reformierakonna fraktsioon,xiii,2015-03-30,2019-04-03,Aivar Surva
Aivar Sõerd,Eesti Reformierakonna fraktsioon,xiii,2015-03-30,2019-04-03,Aivar Sõerd
Anne Sulling,Eesti Reformierakonna fraktsioon,xiii,2015-03-30,2019-04-03,Anne Sulling
Ants Laaneots,Eesti Reformierakonna fraktsioon,xiii,2015-03-30,2019-04-03,Ants Laaneots
Arto Aas,Eesti Reformierakonna fraktsioon,xiii,2015-03-30,2019-04-03,Arto Aas
Hanno Pevkur,Eesti Reformierakonna fraktsioon,xiii,2015-03-30,2019-04-03,Hanno Pevkur
Heidy Purga,Eesti Reformierakonna fraktsioon,xiii,2015-03-30,2019-04-03,Heidy Purga
Ivi Eenmaa,Eesti Reformierakonna fraktsioon,xiii,2015-03-30,2019-04-03,Ivi Eenmaa
Johannes Kert,Eesti Reformierakonna fraktsioon,xiii,2015-03-30,2019-04-03,Johannes Kert
Jüri Jaanson,Eesti Reformierakonna fraktsioon,xiii,2015-03-30,2019-04-03,Jüri Jaanson
Kalle Laanet,Eesti Reformierakonna fraktsioon,xiii,2015-03-30,2019-04-03,Kalle Laanet
Kalle Palling,Eesti Reformierakonna fraktsioon,xiii,2015-03-30,2019-04-03,Kalle Palling
Keit Pentus-Rosimannus,Eesti Reformierakonna fraktsioon,xiii,2015-03-30,2019-04-03,Keit Pentus-Rosimannus
Lauri Luik,Eesti Reformierakonna fraktsioon,xiii,2015-03-30,2019-04-03,Lauri Luik
Liina Kersna,Eesti Reformierakonna fraktsioon,xiii,2015-03-30,2019-04-03,Liina Kersna
Madis Milling,Eesti Reformierakonna fraktsioon,xiii,2015-03-30,2019-04-03,Madis Milling
Mati Raidma,Eesti Reformierakonna fraktsioon,xiii,2015-03-30,2019-04-03,Mati Raidma
Meelis Mälberg,Eesti Reformierakonna fraktsioon,xiii,2015-03-30,2019-04-03,Meelis Mälberg
Peep Aru,Eesti Reformierakonna fraktsioon,xiii,2015-03-30,2019-04-03,Peep Aru
Taavi Rõivas,Eesti Reformierakonna fraktsioon,xiii,2015-03-30,2019-04-03,Taavi Rõivas
Terje Trei,Eesti Reformierakonna fraktsioon,xiii,2015-03-30,2019-04-03,Terje Trei
Toomas Kivimägi,Eesti Reformierakonna fraktsioon,xiii,2015-03-30,2019-04-03,Toomas Kivimägi
Andres Herkel,Eesti Vabaerakonna fraktsioon,xiii,2015-03-30,2019-04-03,Andres Herkel
Krista Aru,Eesti Vabaerakonna fraktsioon,xiii,2015-03-30,2019-04-03,Krista Aru
Ain Lutsepp,Eesti Vabaerakonna fraktsioon,xiii,2015-03-30,2019-04-03,Ain Lutsepp
Enn Meri,Eesti Vabaerakonna fraktsioon,xiii,2015-03-30,2019-04-03,Enn Meri
Jüri Adams,Eesti Vabaerakonna fraktsioon,xiii,2015-03-30,2019-04-03,Jüri Adams
Jüri Saar,Eesti Vabaerakonna fraktsioon,xiii,2015-03-30,2019-04-03,Jüri Saar
Helir-Valdor Seeder,Isamaa fraktsioon,xiii,2015-03-30,2019-04-03,Helir-Valdor Seeder
Priit Sibul,Isamaa fraktsioon,xiii,2015-03-30,2019-04-03,Priit Sibul
Aivar Kokk,Isamaa fraktsioon,xiii,2015-03-30,2019-04-03,Aivar Kokk
Andres Metsoja,Isamaa fraktsioon,xiii,2015-03-30,2019-04-03,Andres Metsoja
Maire Aunaste,Isamaa fraktsioon,xiii,2015-03-30,2019-04-03,Maire Aunaste
Marko Pomerants,Isamaa fraktsioon,xiii,2015-03-30,2019-04-03,Marko Pomerants
Mart Nutt,Isamaa fraktsioon,xiii,2015-03-30,2019-04-03,Mart Nutt
Raivo Aeg,Isamaa fraktsioon,xiii,2015-03-30,2019-04-03,Raivo Aeg
Sven Sester,Isamaa fraktsioon,xiii,2015-03-30,2019-04-03,Sven Sester
Tarmo Kruusimäe,Isamaa fraktsioon,xiii,2015-03-30,2019-04-03,Tarmo Kruusimäe
Viktoria Ladõnskaja-Kubits,Isamaa fraktsioon,xiii,2015-03-30,2019-04-03,Viktoria Ladõnskaja-Kubits
Jevgeni Ossinovski,Sotsiaaldemokraatliku Erakonna fraktsioon,xiii,2015-03-30,2019-04-03,Jevgeni Ossinovski
Kalvi Kõva,Sotsiaaldemokraatliku Erakonna fraktsioon,xiii,2015-03-30,2019-04-03,Kalvi Kõva
Heljo Pikhof,Sotsiaaldemokraatliku Erakonna fraktsioon,xiii,2015-03-30,2019-04-03,Heljo Pikhof
Barbi Pilvre,Sotsiaaldemokraatliku Erakonna fraktsioon,xiii,2015-03-30,2019-04-03,Barbi Pilvre
Eiki Nestor,Sotsiaaldemokraatliku Erakonna fraktsioon,xiii,2015-03-30,2019-04-03,Eiki Nestor
Hannes Hanso,Sotsiaaldemokraatliku Erakonna fraktsioon,xiii,2015-03-30,2019-04-03,Hannes Hanso
Hardi Volmer,Sotsiaaldemokraatliku Erakonna fraktsioon,xiii,2015-03-30,2019-04-03,Hardi Volmer
Helmen Kütt,Sotsiaaldemokraatliku Erakonna fraktsioon,xiii,2015-03-30,2019-04-03,Helmen Kütt
Inara Luigas,Sotsiaaldemokraatliku Erakonna fraktsioon,xiii,2015-03-30,2019-04-03,Inara Luigas
Jaanus Marrandi,Sotsiaaldemokraatliku Erakonna fraktsioon,xiii,2015-03-30,2019-04-03,Jaanus Marrandi
Marianne Mikko,Sotsiaaldemokraatliku Erakonna fraktsioon,xiii,2015-03-30,2019-04-03,Marianne Mikko
Rainer Vakra,Sotsiaaldemokraatliku Erakonna fraktsioon,xiii,2015-03-30,2019-04-03,Rainer Vakra
Tanel Talve,Sotsiaaldemokraatliku Erakonna fraktsioon,xiii,2015-03-30,2019-04-03,Tanel Talve
Toomas Jürgenstein,Sotsiaaldemokraatliku Erakonna fraktsioon,xiii,2015-03-30,2019-04-03,Toomas Jürgenstein
Artur Talvik,Fraktsiooni mittekuuluvad saadikud,xiii,2015-03-30,2019-04-03,Artur Talvik
Margus Tsahkna,Fraktsiooni mittekuuluvad saadikud,xiii,2015-03-30,2019-04-03,Margus Tsahkna
Marko Mihkelson,Fraktsiooni mittekuuluvad saadikud,xiii,2015-03-30,2019-04-03,Marko Mihkelson
Monika Haukanõmm,Fraktsiooni mittekuuluvad saadikud,xiii,2015-03-30,2019-04-03,Monika Haukanõmm
Olga Ivanova,Fraktsiooni mittekuuluvad saadikud,xiii,2015-03-30,2019-04-03,Olga Ivanova
Peeter Ernits,Fraktsiooni mittekuuluvad saadikud,xiii,2015-03-30,2019-04-03,Peeter Ernits
Tiina Kangro,Fraktsiooni mittekuuluvad saadikud,xiii,2015-03-30,2019-04-03,Tiina Kangro
Urve Palo,Fraktsiooni mittekuuluvad saadikud,xiii,2015-03-30,2019-04-03,Urve Palo
Jaanus Karilaid,Eesti Keskerakonna fraktsioon,xiv,2019-04-04,2023-04-09,Jaanus Karilaid
Dmitri Dmitrijev,Eesti Keskerakonna fraktsioon,xiv,2019-04-04,2023-04-09,Dmitri Dmitrijev
Kersti Sarapuu,Eesti Keskerakonna fraktsioon,xiv,2019-04-04,2023-04-09,Kersti Sarapuu
Liikmed,Eesti Keskerakonna fraktsioon,xiv,2019-04-04,2023-04-09,Liikmed
Aadu Must,Eesti Keskerakonna fraktsioon,xiv,2019-04-04,2023-04-09,Aadu Must
Anneli Ott,Eesti Keskerakonna fraktsioon,xiv,2019-04-04,2023-04-09,Anneli Ott
Enn Eesmaa,Eesti Keskerakonna fraktsioon,xiv,2019-04-04,2023-04-09,Enn Eesmaa
Erki Savisaar,Eesti Keskerakonna fraktsioon,xiv,2019-04-04,2023-04-09,Erki Savisaar
Igor Kravtšenko,Eesti Keskerakonna fraktsioon,xiv,2019-04-04,2023-04-09,Igor Kravtšenko
Jaak Aab,Eesti Keskerakonna fraktsioon,xiv,2019-04-04,2023-04-09,Jaak Aab
Jüri Ratas,Eesti Keskerakonna fraktsioon,xiv,2019-04-04,2023-04-09,Jüri Ratas
Kaido Höövelson,Eesti Keskerakonna fraktsioon,xiv,2019-04-04,2023-04-09,Kaido Höövelson
Mailis Reps,Eesti Keskerakonna fraktsioon,xiv,2019-04-04,2023-04-09,Mailis Reps
Marek Jürgenson,Eesti Keskerakonna fraktsioon,xiv,2019-04-04,2023-04-09,Marek Jürgenson
Maria Jufereva-Skuratovski,Eesti Keskerakonna fraktsioon,xiv,2019-04-04,2023-04-09,Maria Jufereva-Skuratovski
Marika Tuus-Laul,Eesti Keskerakonna fraktsioon,xiv,2019-04-04,2023-04-09,Marika Tuus-Laul
Marko Šorin,Eesti Keskerakonna fraktsioon,xiv,2019-04-04,2023-04-09,Marko Šorin
Mihhail Korb,Eesti Keskerakonna fraktsioon,xiv,2019-04-04,2023-04-09,Mihhail Korb
Natalia Malleus,Eesti Keskerakonna fraktsioon,xiv,2019-04-04,2023-04-09,Natalia Malleus
Siret Kotka,Eesti Keskerakonna fraktsioon,xiv,2019-04-04,2023-04-09,Siret Kotka
Taavi Aas,Eesti Keskerakonna fraktsioon,xiv,2019-04-04,2023-04-09,Taavi Aas
Tarmo Tamm,Eesti Keskerakonna fraktsioon,xiv,2019-04-04,2023-04-09,Tarmo Tamm
Tõnis Mölder,Eesti Keskerakonna fraktsioon,xiv,2019-04-04,2023-04-09,Tõnis Mölder
Viktor Vassiljev,Eesti Keskerakonna fraktsioon,xiv,2019-04-04,2023-04-09,Viktor Vassiljev
Henn Põlluaas,Eesti Konservatiivse Rahvaerakonna fraktsioon,xiv,2019-04-04,2023-04-09,Henn Põlluaas
Helle-Moonika Helme,Eesti Konservatiivse Rahvaerakonna fraktsioon,xiv,2019-04-04,2023-04-09,Helle-Moonika Helme
Siim Pohlak,Eesti Konservatiivse Rahvaerakonna fraktsioon,xiv,2019-04-04,2023-04-09,Siim Pohlak
Liikmed,Eesti Konservatiivse Rahvaerakonna fraktsioon,xiv,2019-04-04,2023-04-09,Liikmed
Alar Laneman,Eesti Konservatiivse Rahvaerakonna fraktsioon,xiv,2019-04-04,2023-04-09,Alar Laneman
Anti Poolamets,Eesti Konservatiivse Rahvaerakonna fraktsioon,xiv,2019-04-04,2023-04-09,Anti Poolamets
Jaak Valge,Eesti Konservatiivse Rahvaerakonna fraktsioon,xiv,2019-04-04,2023-04-09,Jaak Valge
Kalle Grünthal,Eesti Konservatiivse Rahvaerakonna fraktsioon,xiv,2019-04-04,2023-04-09,Kalle Grünthal
Kert Kingo,Eesti Konservatiivse Rahvaerakonna fraktsioon,xiv,2019-04-04,2023-04-09,Kert Kingo
Leo Kunnas,Eesti Konservatiivse Rahvaerakonna fraktsioon,xiv,2019-04-04,2023-04-09,Leo Kunnas
Mart Helme,Eesti Konservatiivse Rahvaerakonna fraktsioon,xiv,2019-04-04,2023-04-09,Mart Helme
Martin Helme,Eesti Konservatiivse Rahvaerakonna fraktsioon,xiv,2019-04-04,2023-04-09,Martin Helme
Merry Aart,Eesti Konservatiivse Rahvaerakonna fraktsioon,xiv,2019-04-04,2023-04-09,Merry Aart
Paul Puustusmaa,Eesti Konservatiivse Rahvaerakonna fraktsioon,xiv,2019-04-04,2023-04-09,Paul Puustusmaa
Peeter Ernits,Eesti Konservatiivse Rahvaerakonna fraktsioon,xiv,2019-04-04,2023-04-09,Peeter Ernits
Rene Kokk,Eesti Konservatiivse Rahvaerakonna fraktsioon,xiv,2019-04-04,2023-04-09,Rene Kokk
Riho Breivel,Eesti Konservatiivse Rahvaerakonna fraktsioon,xiv,2019-04-04,2023-04-09,Riho Breivel
Ruuben Kaalep,Eesti Konservatiivse Rahvaerakonna fraktsioon,xiv,2019-04-04,2023-04-09,Ruuben Kaalep
Uno Kaskpeit,Eesti Konservatiivse Rahvaerakonna fraktsioon,xiv,2019-04-04,2023-04-09,Uno Kaskpeit
Urmas Reitelmann,Eesti Konservatiivse Rahvaerakonna fraktsioon,xiv,2019-04-04,2023-04-09,Urmas Reitelmann
Mart Võrklaev,Eesti Reformierakonna fraktsioon,xiv,2019-04-04,2023-04-09,Mart Võrklaev
Erkki Keldo,Eesti Reformierakonna fraktsioon,xiv,2019-04-04,2023-04-09,Erkki Keldo
Heidy Purga,Eesti Reformierakonna fraktsioon,xiv,2019-04-04,2023-04-09,Heidy Purga
Liikmed,Eesti Reformierakonna fraktsioon,xiv,2019-04-04,2023-04-09,Liikmed
Aivar Sõerd,Eesti Reformierakonna fraktsioon,xiv,2019-04-04,2023-04-09,Aivar Sõerd
Andres Sutt,Eesti Reformierakonna fraktsioon,xiv,2019-04-04,2023-04-09,Andres Sutt
Andrus Seeme,Eesti Reformierakonna fraktsioon,xiv,2019-04-04,2023-04-09,Andrus Seeme
Ants Laaneots,Eesti Reformierakonna fraktsioon,xiv,2019-04-04,2023-04-09,Ants Laaneots
Eerik-Niiles Kross,Eesti Reformierakonna fraktsioon,xiv,2019-04-04,2023-04-09,Eerik-Niiles Kross
Heiki Kranich,Eesti Reformierakonna fraktsioon,xiv,2019-04-04,2023-04-09,Heiki Kranich
Hele Everaus,Eesti Reformierakonna fraktsioon,xiv,2019-04-04,2023-04-09,Hele Everaus
Ivi Eenmaa,Eesti Reformierakonna fraktsioon,xiv,2019-04-04,2023-04-09,Ivi Eenmaa
Jürgen Ligi,Eesti Reformierakonna fraktsioon,xiv,2019-04-04,2023-04-09,Jürgen Ligi
Jüri Jaanson,Eesti Reformierakonna fraktsioon,xiv,2019-04-04,2023-04-09,Jüri Jaanson
Kalle Laanet,Eesti Reformierakonna fraktsioon,xiv,2019-04-04,2023-04-09,Kalle Laanet
Kristen Michal,Eesti Reformierakonna fraktsioon,xiv,2019-04-04,2023-04-09,Kristen Michal
Kristina Šmigun-Vähi,Eesti Reformierakonna fraktsioon,xiv,2019-04-04,2023-04-09,Kristina Šmigun-Vähi
Liina Kersna,Eesti Reformierakonna fraktsioon,xiv,2019-04-04,2023-04-09,Liina Kersna
Margit Sutrop,Eesti Reformierakonna fraktsioon,xiv,2019-04-04,2023-04-09,Margit Sutrop
Maris Lauri,Eesti Reformierakonna fraktsioon,xiv,2019-04-04,2023-04-09,Maris Lauri
Marko Mihkelson,Eesti Reformierakonna fraktsioon,xiv,2019-04-04,2023-04-09,Marko Mihkelson
Marko Torm,Eesti Reformierakonna fraktsioon,xiv,2019-04-04,2023-04-09,Marko Torm
Mati Raidma,Eesti Reformierakonna fraktsioon,xiv,2019-04-04,2023-04-09,Mati Raidma
Signe Kivi,Eesti Reformierakonna fraktsioon,xiv,2019-04-04,2023-04-09,Signe Kivi
Siim Kallas,Eesti Reformierakonna fraktsioon,xiv,2019-04-04,2023-04-09,Siim Kallas
Sulev Kannimäe,Eesti Reformierakonna fraktsioon,xiv,2019-04-04,2023-04-09,Sulev Kannimäe
Timo Suslov,Eesti Reformierakonna fraktsioon,xiv,2019-04-04,2023-04-09,Timo Suslov
Toomas Järveoja,Eesti Reformierakonna fraktsioon,xiv,2019-04-04,2023-04-09,Toomas Järveoja
Toomas Kivimägi,Eesti Reformierakonna fraktsioon,xiv,2019-04-04,2023-04-09,Toomas Kivimägi
Urve Tiidus,Eesti Reformierakonna fraktsioon,xiv,2019-04-04,2023-04-09,Urve Tiidus
Valdo Randpere,Eesti Reformierakonna fraktsioon,xiv,2019-04-04,2023-04-09,Valdo Randpere
Vilja Toomast,Eesti Reformierakonna fraktsioon,xiv,2019-04-04,2023-04-09,Vilja Toomast
Yoko Alender,Eesti Reformierakonna fraktsioon,xiv,2019-04-04,2023-04-09,Yoko Alender
Õnne Pillak,Eesti Reformierakonna fraktsioon,xiv,2019-04-04,2023-04-09,Õnne Pillak
Ülle Rajasalu,Eesti Reformierakonna fraktsioon,xiv,2019-04-04,2023-04-09,Ülle Rajasalu
Priit Sibul,Isamaa fraktsioon,xiv,2019-04-04,2023-04-09,Priit Sibul
Tarmo Kruusimäe,Isamaa fraktsioon,xiv,2019-04-04,2023-04-09,Tarmo Kruusimäe
Liikmed,Isamaa fraktsioon,xiv,2019-04-04,2023-04-09,Liikmed
Aivar Kokk,Isamaa fraktsioon,xiv,2019-04-04,2023-04-09,Aivar Kokk
Andres Metsoja,Isamaa fraktsioon,xiv,2019-04-04,2023-04-09,Andres Metsoja
Heiki Hepner,Isamaa fraktsioon,xiv,2019-04-04,2023-04-09,Heiki Hepner
Helir-Valdor Seeder,Isamaa fraktsioon,xiv,2019-04-04,2023-04-09,Helir-Valdor Seeder
Mihhail Lotman,Isamaa fraktsioon,xiv,2019-04-04,2023-04-09,Mihhail Lotman
Raivo Tamm,Isamaa fraktsioon,xiv,2019-04-04,2023-04-09,Raivo Tamm
Sven Sester,Isamaa fraktsioon,xiv,2019-04-04,2023-04-09,Sven Sester
Viktoria Ladõnskaja-Kubits,Isamaa fraktsioon,xiv,2019-04-04,2023-04-09,Viktoria Ladõnskaja-Kubits
Üllar Saaremäe,Isamaa fraktsioon,xiv,2019-04-04,2023-04-09,Üllar Saaremäe
Indrek Saar,Sotsiaaldemokraatliku Erakonna fraktsioon,xiv,2019-04-04,2023-04-09,Indrek Saar
Kalvi Kõva,Sotsiaaldemokraatliku Erakonna fraktsioon,xiv,2019-04-04,2023-04-09,Kalvi Kõva
Liikmed,Sotsiaaldemokraatliku Erakonna fraktsioon,xiv,2019-04-04,2023-04-09,Liikmed
Eduard Odinets,Sotsiaaldemokraatliku Erakonna fraktsioon,xiv,2019-04-04,2023-04-09,Eduard Odinets
Heljo Pikhof,Sotsiaaldemokraatliku Erakonna fraktsioon,xiv,2019-04-04,2023-04-09,Heljo Pikhof
Helmen Kütt,Sotsiaaldemokraatliku Erakonna fraktsioon,xiv,2019-04-04,2023-04-09,Helmen Kütt
Ivari Padar,Sotsiaaldemokraatliku Erakonna fraktsioon,xiv,2019-04-04,2023-04-09,Ivari Padar
Jaak Juske,Sotsiaaldemokraatliku Erakonna fraktsioon,xiv,2019-04-04,2023-04-09,Jaak Juske
Reili Rand,Sotsiaaldemokraatliku Erakonna fraktsioon,xiv,2019-04-04,2023-04-09,Reili Rand
Toomas Jürgenstein,Sotsiaaldemokraatliku Erakonna fraktsioon,xiv,2019-04-04,2023-04-09,Toomas Jürgenstein
Anastassia Kovalenko-Kõlvart,Fraktsiooni mittekuuluvad saadikud,xiv,2019-04-04,2023-04-09,Anastassia Kovalenko-Kõlvart
Martin Repinski,Fraktsiooni mittekuuluvad saadikud,xiv,2019-04-04,2023-04-09,Martin Repinski
Mihhail Stalnuhhin,Fraktsiooni mittekuuluvad saadikud,xiv,2019-04-04,2023-04-09,Mihhail Stalnuhhin
Raimond Kaljulaid,Fraktsiooni mittekuuluvad saadikud,xiv,2019-04-04,2023-04-09,Raimond Kaljulaid
Siim Kiisler,Fraktsiooni mittekuuluvad saadikud,xiv,2019-04-04,2023-04-09,Siim Kiisler
Jaak Aab,Fraktsiooni mittekuuluvad Riigikogu liikmed,xv,2023-04-10,2027-04-09,Jaak Aab
Annely Akkermann,Eesti Reformierakonna fraktsioon,xv,2023-04-10,2027-04-09,Annely Akkermann
Yoko Alender,Eesti Reformierakonna fraktsioon,xv,2023-04-10,2027-04-09,Yoko Alender
Anti Allas,Sotsiaaldemokraatliku Erakonna fraktsioon,xv,2023-04-10,2027-04-09,Anti Allas
Arvo Aller,Fraktsiooni mittekuuluvad Riigikogu liikmed,xv,2023-04-10,2027-04-09,Arvo Aller
Vadim Belobrovtsev,Eesti Keskerakonna fraktsioon,xv,2023-04-10,2027-04-09,Vadim Belobrovtsev
Enn Eesmaa,Fraktsiooni mittekuuluvad Riigikogu liikmed,xv,2023-04-10,2027-04-09,Enn Eesmaa
Rain Epler,Fraktsiooni mittekuuluvad Riigikogu liikmed,xv,2023-04-10,2027-04-09,Rain Epler
Ants Frosch,Fraktsiooni mittekuuluvad Riigikogu liikmed,xv,2023-04-10,2027-04-09,Ants Frosch
Kalle Grünthal,Fraktsiooni mittekuuluvad Riigikogu liikmed,xv,2023-04-10,2027-04-09,Kalle Grünthal
Andre Hanimägi,Fraktsiooni mittekuuluvad Riigikogu liikmed,xv,2023-04-10,2027-04-09,Andre Hanimägi
Anti Haugas,Fraktsiooni mittekuuluvad Riigikogu liikmed,xv,2023-04-10,2027-04-09,Anti Haugas
Helle-Moonika Helme,Eesti Konservatiivse Rahvaerakonna fraktsioon,xv,2023-04-10,2027-04-09,Helle-Moonika Helme
Mart Helme,Eesti Konservatiivse Rahvaerakonna fraktsioon,xv,2023-04-10,2027-04-09,Mart Helme
Martin Helme,Fraktsiooni mittekuuluvad Riigikogu liikmed,xv,2023-04-10,2027-04-09,Martin Helme
Lauri Hussar,Eesti 200 fraktsioon,xv,2023-04-10,2027-04-09,Lauri Hussar
Züleyxa Izmailova,Fraktsiooni mittekuuluvad Riigikogu liikmed,xv,2023-04-10,2027-04-09,Züleyxa Izmailova
Aleksei Jevgrafov,Fraktsiooni mittekuuluvad Riigikogu liikmed,xv,2023-04-10,2027-04-09,Aleksei Jevgrafov
Karmen Joller,Eesti Reformierakonna fraktsioon,xv,2023-04-10,2027-04-09,Karmen Joller
Maria Jufereva-Skuratovski,Eesti Keskerakonna fraktsioon,xv,2023-04-10,2027-04-09,Maria Jufereva-Skuratovski
Mario Kadastik,Eesti Reformierakonna fraktsioon,xv,2023-04-10,2027-04-09,Mario Kadastik
Raimond Kaljulaid,Fraktsiooni mittekuuluvad Riigikogu liikmed,xv,2023-04-10,2027-04-09,Raimond Kaljulaid
Siim Kallas,Eesti Reformierakonna fraktsioon,xv,2023-04-10,2027-04-09,Siim Kallas
Jaanus Karilaid,Fraktsiooni mittekuuluvad Riigikogu liikmed,xv,2023-04-10,2027-04-09,Jaanus Karilaid
Ester Karuse,Eesti Keskerakonna fraktsioon,xv,2023-04-10,2027-04-09,Ester Karuse
Erkki Keldo,Fraktsiooni mittekuuluvad Riigikogu liikmed,xv,2023-04-10,2027-04-09,Erkki Keldo
Liina Kersna,Fraktsiooni mittekuuluvad Riigikogu liikmed,xv,2023-04-10,2027-04-09,Liina Kersna
Tanel Kiik,Fraktsiooni mittekuuluvad Riigikogu liikmed,xv,2023-04-10,2027-04-09,Tanel Kiik
Meelis Kiili,Eesti Reformierakonna fraktsioon,xv,2023-04-10,2027-04-09,Meelis Kiili
Kert Kingo,Eesti Konservatiivse Rahvaerakonna fraktsioon,xv,2023-04-10,2027-04-09,Kert Kingo
Signe Kivi,Fraktsiooni mittekuuluvad Riigikogu liikmed,xv,2023-04-10,2027-04-09,Signe Kivi
Toomas Kivimägi,Fraktsiooni mittekuuluvad Riigikogu liikmed,xv,2023-04-10,2027-04-09,Toomas Kivimägi
Mait Klaassen,Eesti Reformierakonna fraktsioon,xv,2023-04-10,2027-04-09,Mait Klaassen
Aivar Kokk,Isamaa fraktsioon,xv,2023-04-10,2027-04-09,Aivar Kokk
Rene Kokk,Eesti Konservatiivse Rahvaerakonna fraktsioon,xv,2023-04-10,2027-04-09,Rene Kokk
Andrei Korobeinik,Eesti Keskerakonna fraktsioon,xv,2023-04-10,2027-04-09,Andrei Korobeinik
Anastassia Kovalenko-Kõlvart,Eesti Keskerakonna fraktsioon,xv,2023-04-10,2027-04-09,Anastassia Kovalenko-Kõlvart
Eerik-Niiles Kross,Eesti Reformierakonna fraktsioon,xv,2023-04-10,2027-04-09,Eerik-Niiles Kross
Urmas Kruuse,Fraktsiooni mittekuuluvad Riigikogu liikmed,xv,2023-04-10,2027-04-09,Urmas Kruuse
Leo Kunnas,Eesti Konservatiivse Rahvaerakonna fraktsioon,xv,2023-04-10,2027-04-09,Leo Kunnas
Katrin Kuusemäe,Fraktsiooni mittekuuluvad Riigikogu liikmed,xv,2023-04-10,2027-04-09,Katrin Kuusemäe
Helmen Kütt,Fraktsiooni mittekuuluvad Riigikogu liikmed,xv,2023-04-10,2027-04-09,Helmen Kütt
Ants Laaneots,Fraktsiooni mittekuuluvad Riigikogu liikmed,xv,2023-04-10,2027-04-09,Ants Laaneots
Lauri Laats,Eesti Keskerakonna fraktsioon,xv,2023-04-10,2027-04-09,Lauri Laats
Hanah Lahe,Fraktsiooni mittekuuluvad Riigikogu liikmed,xv,2023-04-10,2027-04-09,Hanah Lahe
Alar Laneman,Fraktsiooni mittekuuluvad Riigikogu liikmed,xv,2023-04-10,2027-04-09,Alar Laneman
Maris Lauri,Fraktsiooni mittekuuluvad Riigikogu liikmed,xv,2023-04-10,2027-04-09,Maris Lauri
Jürgen Ligi,Fraktsiooni mittekuuluvad Riigikogu liikmed,xv,2023-04-10,2027-04-09,Jürgen Ligi
Priit Lomp,Fraktsiooni mittekuuluvad Riigikogu liikmed,xv,2023-04-10,2027-04-09,Priit Lomp
Tõnis Lukas,Fraktsiooni mittekuuluvad Riigikogu liikmed,xv,2023-04-10,2027-04-09,Tõnis Lukas
Irja Lutsar,Eesti 200 fraktsioon,xv,2023-04-10,2027-04-09,Irja Lutsar
Mart Maastik,Isamaa fraktsioon,xv,2023-04-10,2027-04-09,Mart Maastik
Tiit Maran,Sotsiaaldemokraatliku Erakonna fraktsioon,xv,2023-04-10,2027-04-09,Tiit Maran
Eero Merilind,Fraktsiooni mittekuuluvad Riigikogu liikmed,xv,2023-04-10,2027-04-09,Eero Merilind
Andres Metsoja,Isamaa fraktsioon,xv,2023-04-10,2027-04-09,Andres Metsoja
Marko Mihkelson,Fraktsiooni mittekuuluvad Riigikogu liikmed,xv,2023-04-10,2027-04-09,Marko Mihkelson
Tõnis Mölder,Fraktsiooni mittekuuluvad Riigikogu liikmed,xv,2023-04-10,2027-04-09,Tõnis Mölder
Eduard Odinets,Fraktsiooni mittekuuluvad Riigikogu liikmed,xv,2023-04-10,2027-04-09,Eduard Odinets
Jevgeni Ossinovski,Sotsiaaldemokraatliku Erakonna fraktsioon,xv,2023-04-10,2027-04-09,Jevgeni Ossinovski
Liisa-Ly Pakosta,Eesti 200 fraktsioon,xv,2023-04-10,2027-04-09,Liisa-Ly Pakosta
Pärtel-Peeter Pere,Eesti Reformierakonna fraktsioon,xv,2023-04-10,2027-04-09,Pärtel-Peeter Pere
Heljo Pikhof,Fraktsiooni mittekuuluvad Riigikogu liikmed,xv,2023-04-10,2027-04-09,Heljo Pikhof
Õnne Pillak,Fraktsiooni mittekuuluvad Riigikogu liikmed,xv,2023-04-10,2027-04-09,Õnne Pillak
Siim Pohlak,Fraktsiooni mittekuuluvad Riigikogu liikmed,xv,2023-04-10,2027-04-09,Siim Pohlak
Anti Poolamets,Eesti Konservatiivse Rahvaerakonna fraktsioon,xv,2023-04-10,2027-04-09,Anti Poolamets
Evelin Poolamets,Eesti Konservatiivse Rahvaerakonna fraktsioon,xv,2023-04-10,2027-04-09,Evelin Poolamets
Henn Põlluaas,Eesti Konservatiivse Rahvaerakonna fraktsioon,xv,2023-04-10,2027-04-09,Henn Põlluaas
Juku-Kalle Raid,Fraktsiooni mittekuuluvad Riigikogu liikmed,xv,2023-04-10,2027-04-09,Juku-Kalle Raid
Mati Raidma,Fraktsiooni mittekuuluvad Riigikogu liikmed,xv,2023-04-10,2027-04-09,Mati Raidma
Reili Rand,Fraktsiooni mittekuuluvad Riigikogu liikmed,xv,2023-04-10,2027-04-09,Reili Rand
Valdo Randpere,Eesti Reformierakonna fraktsioon,xv,2023-04-10,2027-04-09,Valdo Randpere
Jüri Ratas,Fraktsiooni mittekuuluvad Riigikogu liikmed,xv,2023-04-10,2027-04-09,Jüri Ratas
Marek Reinaas,Eesti 200 fraktsioon,xv,2023-04-10,2027-04-09,Marek Reinaas
Urmas Reinsalu,Isamaa fraktsioon,xv,2023-04-10,2027-04-09,Urmas Reinsalu
Maido Ruusmann,Eesti Reformierakonna fraktsioon,xv,2023-04-10,2027-04-09,Maido Ruusmann
Luisa Rõivas,Eesti Reformierakonna fraktsioon,xv,2023-04-10,2027-04-09,Luisa Rõivas
Kersti Sarapuu,Eesti Keskerakonna fraktsioon,xv,2023-04-10,2027-04-09,Kersti Sarapuu
Helir-Valdor Seeder,Isamaa fraktsioon,xv,2023-04-10,2027-04-09,Helir-Valdor Seeder
Andrus Seeme,Eesti Reformierakonna fraktsioon,xv,2023-04-10,2027-04-09,Andrus Seeme
Priit Sibul,Fraktsiooni mittekuuluvad Riigikogu liikmed,xv,2023-04-10,2027-04-09,Priit Sibul
Pipi-Liis Siemann,Fraktsiooni mittekuuluvad Riigikogu liikmed,xv,2023-04-10,2027-04-09,Pipi-Liis Siemann
Riina Solman,Fraktsiooni mittekuuluvad Riigikogu liikmed,xv,2023-04-10,2027-04-09,Riina Solman
Kalev Stoicescu,Eesti 200 fraktsioon,xv,2023-04-10,2027-04-09,Kalev Stoicescu
Timo Suslov,Fraktsiooni mittekuuluvad Riigikogu liikmed,xv,2023-04-10,2027-04-09,Timo Suslov
Margit Sutrop,Eesti Reformierakonna fraktsioon,xv,2023-04-10,2027-04-09,Margit Sutrop
Andres Sutt,Eesti Reformierakonna fraktsioon,xv,2023-04-10,2027-04-09,Andres Sutt
Aivar Sõerd,Fraktsiooni mittekuuluvad Riigikogu liikmed,xv,2023-04-10,2027-04-09,Aivar Sõerd
Kristina Šmigun-Vähi,Fraktsiooni mittekuuluvad Riigikogu liikmed,xv,2023-04-10,2027-04-09,Kristina Šmigun-Vähi
Kadri Tali,Eesti 200 fraktsioon,xv,2023-04-10,2027-04-09,Kadri Tali
Peeter Tali,Eesti 200 fraktsioon,xv,2023-04-10,2027-04-09,Peeter Tali
Tarmo Tamm,Fraktsiooni mittekuuluvad Riigikogu liikmed,xv,2023-04-10,2027-04-09,Tarmo Tamm
Igor Taro,Eesti 200 fraktsioon,xv,2023-04-10,2027-04-09,Igor Taro
Tanel Tein,Fraktsiooni mittekuuluvad Riigikogu liikmed,xv,2023-04-10,2027-04-09,Tanel Tein
Hendrik Johannes Terras,Eesti 200 fraktsioon,xv,2023-04-10,2027-04-09,Hendrik Johannes Terras
Urve Tiidus,Eesti Reformierakonna fraktsioon,xv,2023-04-10,2027-04-09,Urve Tiidus
Vilja Toomast,Eesti Reformierakonna fraktsioon,xv,2023-04-10,2027-04-09,Vilja Toomast
Aleksandr Tšaplõgin,Fraktsiooni mittekuuluvad Riigikogu liikmed,xv,2023-04-10,2027-04-09,Aleksandr Tšaplõgin
Toomas Uibo,Eesti 200 fraktsioon,xv,2023-04-10,2027-04-09,Toomas Uibo
Kristo Enn Vaga,Fraktsiooni mittekuuluvad Riigikogu liikmed,xv,2023-04-10,2027-04-09,Kristo Enn Vaga
Jaak Valge,Fraktsiooni mittekuuluvad Riigikogu liikmed,xv,2023-04-10,2027-04-09,Jaak Valge
Varro Vooglaid,Eesti Konservatiivse Rahvaerakonna fraktsioon,xv,2023-04-10,2027-04-09,Varro Vooglaid
